id,party,tweet
53,Republican,attending today s special noon service with my wife maryann to pray and show support for the people of ukraine rigopchairwoman rhodeislandgop ozsultan startchangeri lancia4congress
164,Democrat,families are struggling to pay their property taxes and are penalized for increasing the value of their homes by having to pay even higher taxes n nwe need to revise the method for determining the amounts of potential surcharges to be levied against policyholders
331,Democrat,jd vance made millions profiting from globalization and says it was not necessarily bad trade deals that hollowed out our communities and sold ohio workers out wrong n ni ll work with anyone to fix our supply chains and bring manufacturing home let s make things in ohio again
487,Democrat,our police officers are asked to do too much with too little i am happy to see the house pass the invest to protect act to provide our small departments with the resources they need to keep our communities safe
494,Democrat,passed a bipartisan us house bill - the most ambitious legislation targeting military toxic exposure since the vietnam war it s supported by 11 veterans service organizations n nvote 256-174 34 gop n nashley hinson voted no n n ia02 n n
561,Democrat,shout out to republicans who love their public schools teachers education for their children n nwe support you ca03 ca01 ca05 ca06 ca07 ca02 ca04 ca09 maxsteinerca joshharder beraforcongress johngaramendi jaredhuffman mike_ca05 speakerpelosi dorismatsui
616,Democrat,the american people already sacrifice everyday because of the democratic majority amp their refusal to deliver on campaign promises amp platform n ndemocrats work for the corporations that need protection from free-market competition
661,Republican,this means that with cut off trump af candidates are forced to campaign with a massive war chests disadvantage n nnot to mention the gop spends millions tricking gop voters into thinking their gope candidate is actually the af conservative n n 4 5
701,Democrat,us is funding a proxy war in ukraine using civilians as pawns katie ha v
51,Democrat,assemblyman peterson and i disagree on most things but he deserves credit for telling voters exactly what he believes and on this he s right it s amazing that even on russia ukraine tom kean won t take a stand who or what is he scared of
86,Republican,certain warhawks in my own party are tempting me to violate reagan s 11th commandment we must dispense with the foolish rhetoric and approach this tragic situation in the ukraine with wisdom and very clear strategic objectives before being embroiled in another war copolitics
136,Republican,drlillwallace ryanafournier disclosetv lindseygrahamsc anyone who thinks a direct nato attack on russia would have stopped the conflict rather than escalate it can t be saved
141,Republican,dyoffee joebiden i m more than good with some ass kissing if it keeps us from nuclear annihilation
347,Republican,juliecbarrett wagop smileyforwa agreed wsrp rnc does not they get more for losing and if they were to win funny thought right they would actually have to do something instead of always blaming the dems losing is the true incentive thus the problem we must return to the party of lincoln and reagan
379,Republican,lee zeldin standing up for his opponent s medical freedom is true leadership
395,Democrat,marceelias christysmithca ahh the ability for your own team to create the maps to the disadvantage of all others - and john roberts wants to review amp approve n nkarma for the north carolina dems excluding a green party candidate unfairly
577,Democrat,something that i believe in that didn t make my campaign page term limits i believe the house and senate should be limited to 12 years that way stale people with stale ideas can make room for younger people with fresh ideas n
677,Republican,to win a seat at the table we need to be open to consensus collaboration and compromise experience with results has defined my years of public service that is what i will bring to congress il06 newil06 n n
760,Republican,why won t other republican candidates in d-8 agree to a forum debate with all the candidates doesn t wagop think voters deserve to hear where we all stand on issues n njust one of many similar messages i get from republican groups about this props to greywolfjustin btw
142,Democrat,each time a mass shooting occurs in america it steals our peace by replacing freedom with fear n nwe need the senate to abolish the filibuster so we can pass commonsense gun safety measures to keep our communities safe n n
551,Democrat,scott franklin and matt gaetz are best friends that s why i m running to defeat franklin and hold gaetz accountable can you chip in a few dollars today to continue this momentum
664,Democrat,this picture was taken 2 years ago today our distillery immediately halted ethanol production and began producing handsanitizer 24-7 to fill local shortages we put people over profit n nwhen communities band together there s nothing we can t accomplish nc13 ncpol
386,Democrat,look folks i m not a millionaire and i don t have billionaire friends like jd i m relying on team ryan can you chip in 5 to keep our momentum going n n
719,Democrat,we are a people-powered campaign n nhey south texas our first major deadline in this runoff race is coming up this thursday and we need your help to reach our goal n nour goal is to raise 5 555 by thursday 10pm ct
311,Republican,it s 5 pm - two hours to go and ranger says go vote remember if you re in line at 7 pm when polls close you can still cast your ballot n winsomesears jasonmiyaresva and our local candidates need every single vote let s do this virginia
158,Democrat,even in the case of rape neven in the case of incest neven if a woman s life is in danger n wants to ban access to abortion with no exceptions n nwatch our latest ad
473,Democrat,on this international labor day can we as a nation agree we will not do business with those who seek to break our unions mayday2022 firebezos
721,Republican,we are struggling to meet recruiting goals in every branch of the service and our reservists are coming off one of the busiest years ever - this is just unnecessary and unhelpful
505,Democrat,please make a donation to ensure he never gets anywhere near the united states senate
766,Republican,working hard and having fun out on the campaign trail in nc01 votesandysmith redwave2022
578,Democrat,south texans deserve the best and i m ready to fight for our home and our families every single day n njoin our growing movement and donate today at n nlet s make history south texas
618,Democrat,the climate crisis will reach a point of no return if we fail to act now n nwe need more investment and more infrastructure and we need it now
159,Democrat,every country has mental illness nevery country has video games nevery country has bullies nevery country has schools with multiple doors n nevery country does not have more than one gun for every single member of its population nthat s just the n nthe guns are the problem
5,Democrat,2 2 n nloved ones can access free confidential support by calling or texting 1-833-9-help4moms 1-833-943-5746 n nservices are available in over 60 languages n nmore information here n
493,Democrat,oxforddiplomat in 2022 north carolinians will elect a congressman who understands why comparing women to polaroid cameras is psychotic n ndonate today and help our campaign defeat madison cawthorn
303,Democrat,interested in joining our student ambassador program fill out this application
184,Democrat,gerrymandering has made picking up any seats for democrats very difficult florida s 15th is one of the only pick up opportunities in the entire country i am eddie geller and i m running to flip fl-15 bring competent leadership back to central florida and keep the house blue
138,Republican,during his time in the white house president biden has governed from the far-left if elected i will work to balance out some of his far-left progressive policies with mainstream solutions that will help everyone in oregon n
777,Democrat,0
581,Republican,stclairashley keep your sexuality out of our children s classroom
650,Democrat,this bill will lower prescription drug costs provide relief for working families and make a massive very-needed investment in climate action it s exactly what we need and what i will keep making happen for az families in congress
221,Democrat,hinsonashley voted against 5b in infrastructure support for iowa bad move n nthe house just passed a historic bipartisan infrastructure package that will create more than 770 000 jobs by 2025 n
693,Republican,twenty plus years in afghanistan and iraq resulted in thousands of us troops kia and tens of thousand wounded only to watch everything fall apart in a two week disastrous withdrawal n ni ask the american people do we really want to go through all of that again i say no
197,Democrat,gun violence deaths should not be the leading cause of death for our children n nbut it is n nand it s shameful n nwe owe it to the children who ve already lost their lives to pass commonsense gun reform laws now n n wearorange n gunviolenceawarenessday
460,Democrat,now kevin mccarthy saying he ll put paul gosar and mtg back on cmtes if gop takes back house in 2022 gop normalizes their hateful rhetoric and actions ndo we want this to continue or elect candidates like marcus4georgia and i who are fighting to defeat them amp stop this chaos
647,Republican,they are hellbent on taking down president trump they have now officially weaponized the fbi this is third world country crap
474,Republican,one first-time candidate derrick anderson a combat veteran and former green beret mounted an aggressive ground-game that numerous voters said impressed them n n i m a true political outsider anderson told a pavilion full of voters n n va07 n n
611,Republican,thanks for having me this morning drewhampshire
345,Republican,jrmajewski nothing happens by accident you can destroy a nation without every firing a single shot
365,Republican,ksbehera mlancia45 you too thank you
143,Republican,early voting for the ca primary starts in most counties today make sure to vote shawn collins for governor for new leadership in our state n wecanwewill n shawncollinsforca
330,Democrat,jd vance is the last guy you d want playing on your team unless you re peter thiel
266,Democrat,i m running for congress in tx15 because i believe that no one should have to n n struggle to put a roof over their heads n cross over to mexico to access affordable healthcare n forgo dreams of an education because of the price tag
305,Democrat,ionslr and we live in a no soliciting neighborhood fix this ionslr because it would suck to have vbpd arrest someone representing your company we are not interested stay away
80,Democrat,canvassing around az-06 until tuesday noro valley grande amp green valley vista
352,Democrat,just dropped off some dog and cat toys for chase amp rocket s pet supply and toy drive for the animals at azhumane chase amp rocket are the crisis response canines for scottsdale pd and the drive is in honor of their birthdays n scottsdalepd
420,Democrat,my heart goes out to the families of the 10 innocent lives lost today during the mass shooting in buffalo this is what hate breeds and we need to confront it with action
390,Republican,made many new friends at the rockford summer celebration the community here is really something special
678,Democrat,today is a reminder that we are in the midst of a deadly pandemic and yet our society still doesn t guarantee healthcare to all americans
604,Democrat,thank you to everyone who joined our first canvass launch of the year to make sure we keep iowa s 3rd congressional district blue ia03
453,Democrat,nina n nyou have met your strongest partners in person n nwe are all around you we are nationwide n nyou can lift our movement amp single-handedly create a wave this election
525,Republican,realdante12 lbc360 they voted for it they voted for the elected officials who then approve the mass invasion of thousands of military aged men into their country who then do not assimilate but instead commit crimes against the very voters who voted who voted for these elected officials
329,Republican,janicedean foxweather florida can t take another hit praying for florida lanciaforri
670,Republican,tlew_25 bnnbreaking no he was not
44,Republican,as a single mother who made the easy choice for life in a difficult situation my pro-life belief is personal n nit s for that reason that in 2019 when i heard ralph northam s horrifying and callous comments advocating for infanticide i made the decision to run for congress 1 3
718,Democrat,we are a people-powered campaign and we need your help join us together we are stronger tx15 readytolead n n
41,Democrat,as a lifelong wisconsinite i am appalled by the actions of my opponent derrick van orden n nnot only did he attack our capitol on january 6th he also brags about sexually harassing women and is on probation for carrying a firearm at an airport n ni will defeat him this year
222,Democrat,history n nthe senate just voted to confirm my cousin sunshine sykes to be a judge for the central district of california - she is the first ever navajo to become a district court judge n nso proud of her
458,Democrat,not only are we fighting for a better future for the people of district texas 15 but this fight will determine the fate of our entire nation as we fight to strengthen our hold on the house majority together we will win big in november because we must vamos por quince
442,Republican,new ad as a coach i know what it s like to be a part of a team amp put my players first n ncareer politician teresafornm sold out nm for a new team dc lobbyists amp joebiden n nin congress i won t be beholden to radical special interests watch below
425,Democrat,my name is eddie geller although i am a comedian saving democracy is no joke that s why when i saw scott franklin vote to decertify the election i decided to run now i m running against matt gaetz s wingman can you help my amplify my message by retweeting and following
203,Republican,happy 158th birthday to the greatest state in the union homemeansnevada
281,Democrat,i will never forget that horrible and shameful day n nthe personal fear and terror i experienced knowing our democracy was under attack as my colleagues and i were rushed from the house chamber will stay with me forever 1 2
455,Democrat,no matter how cynical you become it s never enough to keep up - - lilytomlin
657,Democrat,this is one of my favorite things meeting workers where they are n ni won my first race holding signs and shaking hands at the plant gate and it s how we re going to win this race too
389,Democrat,love meeting your fur kids on the campaign trail do you have pet that s supporting the campaign show us the pics in the comments please
29,Republican,americans are losing money at a record rate and this fool wants americans to spring for a ev n nout-of-touch democrats
393,Republican,make plans to attend the red wave rally we must develop large active volunteer teams to win cd4 my team is growing fast and we run hard bring the friend and a coworker pizza salad soda votejeroneforcongress
444,Republican,new il district 14 congressional map for 2022 boundaries did change
746,Democrat,what are we doing why are we here if not to solve a problem as existential as this chrismurphyct
